{
  "timestamp": "2025-11-03T17:28:23.383728",
  "model_type": "LightGBM",
  "params": {
    "n_estimators": 1500,
    "max_depth": 6,
    "learning_rate": 0.08,
    "subsample": 0.8,
    "colsample_bytree": 0.8,
    "reg_lambda": 2.0,
    "reg_alpha": 0.0,
    "random_state": 42,
    "n_jobs": -1,
    "objective": "binary",
    "boosting_type": "gbdt",
    "scale_pos_weight": 0.6002554342482548,
    "metric": "auc",
    "verbosity": -1
  },
  "best_threshold": 0.38368764898207725,
  "metrics_test": {
    "accuracy": 0.9879781037060443,
    "precision": 0.9896176140613313,
    "recall": 0.9911605107052396,
    "f1": 0.9903884614754846,
    "auc_roc": 0.9994415532025985,
    "auc_pr": 0.9996615280239334,
    "confusion_matrix": {
      "tn": 125985,
      "fp": 2221,
      "fn": 1888,
      "tp": 211699
    }
  },
  "kfold_mean": {
    "accuracy": 0.9871231181313547,
    "f1": 0.9896650333600274,
    "auc": 0.9994273779250833
  },
  "training_time_seconds": 32.482741832733154
}